<?xml version="1.0" encoding="UTF-8"?><?xml-stylesheet type='text/xsl' href='_UpgradeReport_Files/UpgradeReport.xslt'?><UpgradeLog>
<Properties><Property Name="Solution" Value="visionlabs">
</Property><Property Name="Solution File" Value="C:\dan\testlabfiles\vision_labs\visionlabs.sln">
</Property><Property Name="Date" Value="Wednesday, June 27, 2012">
</Property><Property Name="Time" Value="14:20 PM">
</Property></Properties><Event ErrorLevel="0" Project="visionlabs" Source="visionlabs.vcproj" Description="Converting project file 'C:\dan\testlabfiles\vision_labs\visionlabs.vcproj'.">
</Event><Event ErrorLevel="1" Project="visionlabs" Source="visionlabs.vcproj" Description="VCWebServiceProxyGeneratorTool is no longer supported. The tool has been removed from your project settings.">
</Event><Event ErrorLevel="1" Project="visionlabs" Source="visionlabs.vcproj" Description="MSB8012: $(TargetPath) ('C:\dan\testlabfiles\vision_labs\.\rhinocam.exe') does not match the Linker's OutputFile property value 'release\rhinocam.exe' ('C:\dan\testlabfiles\vision_labs\release\rhinocam.exe') in project configuration 'Release|Win32'. This may cause your project to build incorrectly. To correct this, please make sure that $(TargetPath) property value matches the value specified in %(Link.OutputFile).">
</Event><Event ErrorLevel="1" Project="visionlabs" Source="visionlabs.vcproj" Description="MSB8012: $(TargetPath) ('C:\dan\testlabfiles\vision_labs\.\rhinocam.exe') does not match the Linker's OutputFile property value 'debug\rhinocam.exe' ('C:\dan\testlabfiles\vision_labs\debug\rhinocam.exe') in project configuration 'Debug|Win32'. This may cause your project to build incorrectly. To correct this, please make sure that $(TargetPath) property value matches the value specified in %(Link.OutputFile).">
</Event><Event ErrorLevel="0" Project="visionlabs" Source="visionlabs.vcproj" Description="Done converting to new project file 'C:\dan\testlabfiles\vision_labs\visionlabs.vcxproj'.">
</Event><Event ErrorLevel="3" Project="visionlabs" Source="visionlabs.vcproj" Description="Converted">
</Event><Event ErrorLevel="0" Project="" Source="visionlabs.sln" Description="Solution converted successfully">
</Event><Event ErrorLevel="3" Project="" Source="visionlabs.sln" Description="Converted">
</Event></UpgradeLog>